{"cameraMode":{"drawMode":0,"name":"Shaded","section":"Shading Mode"},"sceneLighting":true,"audioPlay":false,"sceneViewState":{"showFog":true,"showMaterialUpdate":false,"showSkybox":true,"showFlares":true,"showImageEffects":true,"showParticleSystems":true},"in2DMode":false,"pivot":{"x":-1844.8385009765625,"y":-1986.9825439453125,"z":792.9542236328125},"rotation":{"x":-0.3580653667449951,"y":0.48261702060699465,"z":-0.22535403072834016,"w":-0.7669495344161987},"size":1614.425048828125,"orthographic":false}