{"cameraMode":{"drawMode":0,"name":"Shaded","section":"Shading Mode"},"sceneLighting":false,"audioPlay":false,"sceneViewState":{"showFog":true,"showMaterialUpdate":false,"showSkybox":false,"showFlares":true,"showImageEffects":true,"showParticleSystems":true},"in2DMode":false,"pivot":{"x":73.82535552978516,"y":-1312.8310546875,"z":-589.3108520507813},"rotation":{"x":0.021527539938688279,"y":0.8645561337471008,"z":-0.5007684826850891,"w":0.03711938485503197},"size":1785.0377197265625,"orthographic":false}