{"cameraMode":{"drawMode":0,"name":"Shaded","section":"Shading Mode"},"sceneLighting":false,"audioPlay":false,"sceneViewState":{"showFog":true,"showMaterialUpdate":false,"showSkybox":false,"showFlares":true,"showImageEffects":true,"showParticleSystems":true},"in2DMode":false,"pivot":{"x":7.944999694824219,"y":700.0396728515625,"z":-55.31318664550781},"rotation":{"x":0.12803879380226136,"y":-0.49834582209587099,"z":0.07477138936519623,"w":0.8542868494987488},"size":702.8102416992188,"orthographic":false}