{"cameraMode":{"drawMode":0,"name":"Shaded","section":"Shading Mode"},"sceneLighting":false,"audioPlay":false,"sceneViewState":{"showFog":true,"showMaterialUpdate":false,"showSkybox":false,"showFlares":true,"showImageEffects":true,"showParticleSystems":true},"in2DMode":false,"pivot":{"x":-9.366438865661621,"y":1403.1556396484375,"z":-109.27713775634766},"rotation":{"x":0.17651274800300599,"y":0.4719855785369873,"z":-0.0970534160733223,"w":0.85835200548172},"size":3.4510622024536135,"orthographic":false}