{"cameraMode":{"drawMode":0,"name":"Shaded","section":"Shading Mode"},"sceneLighting":true,"audioPlay":false,"sceneViewState":{"showFog":true,"showMaterialUpdate":false,"showSkybox":true,"showFlares":true,"showImageEffects":true,"showParticleSystems":true},"in2DMode":false,"pivot":{"x":-8704.3408203125,"y":-618.8394775390625,"z":670.7959594726563},"rotation":{"x":-0.03815518319606781,"y":0.651688277721405,"z":-0.03200423717498779,"w":-0.7570174932479858},"size":4745.47265625,"orthographic":false}