{"cameraMode":{"drawMode":0,"name":"Shaded","section":"Shading Mode"},"sceneLighting":false,"audioPlay":false,"sceneViewState":{"showFog":true,"showMaterialUpdate":false,"showSkybox":false,"showFlares":true,"showImageEffects":true,"showParticleSystems":true},"in2DMode":false,"pivot":{"x":-13.08725643157959,"y":1402.806884765625,"z":-106.95601654052735},"rotation":{"x":0.2306908220052719,"y":-0.01552823930978775,"z":0.0036585957277566196,"w":0.9729353785514832},"size":10.0,"orthographic":false}