{"cameraMode":{"drawMode":0,"name":"Shaded","section":"Shading Mode"},"sceneLighting":false,"audioPlay":false,"sceneViewState":{"showFog":true,"showMaterialUpdate":false,"showSkybox":false,"showFlares":true,"showImageEffects":true,"showParticleSystems":true},"in2DMode":false,"pivot":{"x":-12.466663360595704,"y":1404.106689453125,"z":-108.86396789550781},"rotation":{"x":0.061149176210165027,"y":0.9110415577888489,"z":-0.14637994766235352,"w":0.380624383687973},"size":3.6142079830169679,"orthographic":false}