{"cameraMode":{"drawMode":0,"name":"Shaded","section":"Shading Mode"},"sceneLighting":false,"audioPlay":false,"sceneViewState":{"showFog":true,"showMaterialUpdate":false,"showSkybox":false,"showFlares":true,"showImageEffects":true,"showParticleSystems":true},"in2DMode":false,"pivot":{"x":-12.149128913879395,"y":1405.539306640625,"z":-111.62110900878906},"rotation":{"x":0.06562666594982147,"y":-0.1382075399160385,"z":0.009154409170150757,"w":0.988217830657959},"size":3.6142079830169679,"orthographic":false}